{
    "preprocess_features": {
        "tfidf": false,
        "handpicked": true,
        "wordvec": true,
        "wordvec_model": "glove-wiki-gigaword-300",
        "pca": true,
        "pca_comp": 100
    },
    "model_specs": {
        "model_type": [
            "LogisticRegression"
        ],
        "params": {
            "scale": true,
            "oversample": true,
            "gscv": true,
            "n_jobs": -1,
            "split": 0.8
        }
    },
    "scores_report": {
        "training accuracy": 0.7808048433048433,
        "Test accuracy": 0.7482693517935809,
        "Validation accuracy": 0.7758186397984886,
        "Dummy most frequent accuracy": 0.6702328508495909,
        "Dummy uniform accuracy": 0.512901195720579,
        "Test F1-score": 0.7555345707100702,
        "Validation F1-score": 0.7800311465417077,
        "Dummy most frequent F1-Score": 0.5379035313902143,
        "Dummy Unified F1-score": 0.5274487545019756,
        "Test Matthews Corrcoef": 0.5027913674765927,
        "Validation Matthews Corrcoef": 0.563468810110946,
        "Dummy Unified Mathews Corrcoef": 0.025391354542869844,
        "Classification Report - Test": {
            "0": {
                "precision": 0.8898007033997656,
                "recall": 0.7126760563380282,
                "f1-score": 0.791449426485923,
                "support": 1065
            },
            "1": {
                "precision": 0.5842391304347826,
                "recall": 0.8206106870229007,
                "f1-score": 0.6825396825396826,
                "support": 524
            },
            "accuracy": 0.7482693517935809,
            "macro avg": {
                "precision": 0.7370199169172741,
                "recall": 0.7666433716804645,
                "f1-score": 0.7369945545128027,
                "support": 1589
            },
            "weighted avg": {
                "precision": 0.7890365345931885,
                "recall": 0.7482693517935809,
                "f1-score": 0.7555345707100702,
                "support": 1589
            }
        },
        "Classification Report - Validation": {
            "0": {
                "precision": 0.8979343863912516,
                "recall": 0.7309594460929772,
                "f1-score": 0.8058887677208287,
                "support": 1011
            },
            "1": {
                "precision": 0.6444444444444445,
                "recall": 0.854419410745234,
                "f1-score": 0.7347242921013413,
                "support": 577
            },
            "accuracy": 0.7758186397984886,
            "macro avg": {
                "precision": 0.771189415417848,
                "recall": 0.7926894284191056,
                "f1-score": 0.770306529911085,
                "support": 1588
            },
            "weighted avg": {
                "precision": 0.8058287840591938,
                "recall": 0.7758186397984886,
                "f1-score": 0.7800311465417077,
                "support": 1588
            }
        }
    }
}