{
    "preprocess_features": {
        "tfidf": true,
        "handpicked": true,
        "wordvec": true,
        "wordvec_model": "glove-wiki-gigaword-300",
        "pca": true,
        "pca_comp": 100
    },
    "model_specs": {
        "model_type": [
            "SVC"
        ],
        "params": {
            "scale": true,
            "oversample": false,
            "gscv": true,
            "n_jobs": -1,
            "split": 0.8,
            "random_state": 42,
            "C": 100
        }
    },
    "scores_report": {
        "training accuracy": 0.769182340442276,
        "Test accuracy": 0.7413467589679044,
        "Validation accuracy": 0.7720403022670025,
        "Dummy most frequent accuracy": 0.6702328508495909,
        "Dummy uniform accuracy": 0.512901195720579,
        "Test F1-score": 0.7447385714584889,
        "Validation F1-score": 0.7738837290949498,
        "Dummy most frequent F1-Score": 0.5379035313902143,
        "Dummy Unified F1-score": 0.5274487545019756,
        "Test Matthews Corrcoef": 0.4338517723482978,
        "Validation Matthews Corrcoef": 0.5174310925399602,
        "Dummy Unified Mathews Corrcoef": 0.025391354542869844,
        "Classification Report - Test": {
            "0": {
                "precision": 0.8263473053892215,
                "recall": 0.7774647887323943,
                "f1-score": 0.8011611030478955,
                "support": 1065
            },
            "1": {
                "precision": 0.596252129471891,
                "recall": 0.6679389312977099,
                "f1-score": 0.6300630063006301,
                "support": 524
            },
            "accuracy": 0.7413467589679044,
            "macro avg": {
                "precision": 0.7112997174305562,
                "recall": 0.7227018600150521,
                "f1-score": 0.7156120546742628,
                "support": 1589
            },
            "weighted avg": {
                "precision": 0.7504694751937017,
                "recall": 0.7413467589679044,
                "f1-score": 0.7447385714584889,
                "support": 1589
            }
        },
        "Classification Report - Validation": {
            "0": {
                "precision": 0.8376690946930281,
                "recall": 0.7962413452027696,
                "f1-score": 0.8164300202839756,
                "support": 1011
            },
            "1": {
                "precision": 0.671451355661882,
                "recall": 0.729636048526863,
                "f1-score": 0.6993355481727573,
                "support": 577
            },
            "accuracy": 0.7720403022670025,
            "macro avg": {
                "precision": 0.754560225177455,
                "recall": 0.7629386968648163,
                "f1-score": 0.7578827842283664,
                "support": 1588
            },
            "weighted avg": {
                "precision": 0.777273858281837,
                "recall": 0.7720403022670025,
                "f1-score": 0.7738837290949498,
                "support": 1588
            }
        }
    }
}