{
    "preprocess_features": {
        "tfidf": true,
        "handpicked": true,
        "wordvec": true,
        "wordvec_model": "glove-wiki-gigaword-300",
        "pca": true,
        "pca_comp": 100
    },
    "model_specs": {
        "model_type": [
            "LogisticRegression"
        ],
        "params": {
            "scale": true,
            "oversample": false,
            "gscv": true,
            "n_jobs": -1,
            "return_train_score": true,
            "split": 0.8,
            "random_state": 42,
            "C": 100,
            "gamma": 1,
            "kernel": "rbf"
        }
    },
    "scores_report": {
        "training accuracy": 0.7357362083890769,
        "Test accuracy": 0.7224669603524229,
        "Validation accuracy": 0.7348866498740554,
        "Dummy most frequent accuracy": 0.6702328508495909,
        "Dummy uniform accuracy": 0.512901195720579,
        "Test F1-score": 0.711140252827689,
        "Validation F1-score": 0.7229723524493585,
        "Dummy most frequent F1-Score": 0.5379035313902143,
        "Dummy Unified F1-score": 0.5274487545019756,
        "Test Matthews Corrcoef": 0.33729112949032924,
        "Validation Matthews Corrcoef": 0.40133855555209136,
        "Dummy Unified Mathews Corrcoef": 0.025391354542869844,
        "Classification Report - Test": {
            "0": {
                "precision": 0.761744966442953,
                "recall": 0.8525821596244132,
                "f1-score": 0.8046078865750997,
                "support": 1065
            },
            "1": {
                "precision": 0.6045340050377834,
                "recall": 0.4580152671755725,
                "f1-score": 0.5211726384364821,
                "support": 524
            },
            "accuracy": 0.7224669603524229,
            "macro avg": {
                "precision": 0.6831394857403682,
                "recall": 0.6552987133999928,
                "f1-score": 0.6628902625057909,
                "support": 1589
            },
            "weighted avg": {
                "precision": 0.7099019558851752,
                "recall": 0.7224669603524229,
                "f1-score": 0.711140252827689,
                "support": 1589
            }
        },
        "Classification Report - Validation": {
            "0": {
                "precision": 0.7512776831345827,
                "recall": 0.8724035608308606,
                "f1-score": 0.8073226544622425,
                "support": 1011
            },
            "1": {
                "precision": 0.6884057971014492,
                "recall": 0.49393414211438474,
                "f1-score": 0.5751765893037335,
                "support": 577
            },
            "accuracy": 0.7348866498740554,
            "macro avg": {
                "precision": 0.7198417401180159,
                "recall": 0.6831688514726226,
                "f1-score": 0.691249621882988,
                "support": 1588
            },
            "weighted avg": {
                "precision": 0.72843317542607,
                "recall": 0.7348866498740554,
                "f1-score": 0.7229723524493585,
                "support": 1588
            }
        }
    }
}