{
    "preprocess_features": {
        "tfidf": true,
        "handpicked": true,
        "wordvec": true,
        "wordvec_model": "glove-wiki-gigaword-300",
        "pca": true,
        "pca_comp": 100
    },
    "model_specs": {
        "model_type": [
            "SVC"
        ],
        "params": {
            "scale": true,
            "oversample": false,
            "gscv": true,
            "n_jobs": -1,
            "split": 0.8,
            "random_state": 42,
            "C": 100
        }
    },
    "scores_report": {
        "training accuracy": 0.768946250098371,
        "Test accuracy": 0.7407174323473883,
        "Validation accuracy": 0.7739294710327456,
        "Dummy most frequent accuracy": 0.6702328508495909,
        "Dummy uniform accuracy": 0.512901195720579,
        "Test F1-score": 0.744071926263322,
        "Validation F1-score": 0.775788727194105,
        "Dummy most frequent F1-Score": 0.5379035313902143,
        "Dummy Unified F1-score": 0.5274487545019756,
        "Test Matthews Corrcoef": 0.43214572108235405,
        "Validation Matthews Corrcoef": 0.5216707264140928,
        "Dummy Unified Mathews Corrcoef": 0.025391354542869844,
        "Classification Report - Test": {
            "0": {
                "precision": 0.8255234297108675,
                "recall": 0.7774647887323943,
                "f1-score": 0.8007736943907157,
                "support": 1065
            },
            "1": {
                "precision": 0.5955631399317406,
                "recall": 0.666030534351145,
                "f1-score": 0.6288288288288288,
                "support": 524
            },
            "accuracy": 0.7407174323473883,
            "macro avg": {
                "precision": 0.710543284821304,
                "recall": 0.7217476615417697,
                "f1-score": 0.7148012616097723,
                "support": 1589
            },
            "weighted avg": {
                "precision": 0.7496900805326028,
                "recall": 0.7407174323473883,
                "f1-score": 0.744071926263322,
                "support": 1589
            }
        },
        "Classification Report - Validation": {
            "0": {
                "precision": 0.8395833333333333,
                "recall": 0.7972304648862513,
                "f1-score": 0.8178589548452563,
                "support": 1011
            },
            "1": {
                "precision": 0.6735668789808917,
                "recall": 0.733102253032929,
                "f1-score": 0.7020746887966804,
                "support": 577
            },
            "accuracy": 0.7739294710327456,
            "macro avg": {
                "precision": 0.7565751061571125,
                "recall": 0.7651663589595901,
                "f1-score": 0.7599668218209683,
                "support": 1588
            },
            "weighted avg": {
                "precision": 0.7792612337355003,
                "recall": 0.7739294710327456,
                "f1-score": 0.775788727194105,
                "support": 1588
            }
        }
    }
}