{
    "preprocess_features": {
        "tfidf": true,
        "handpicked": true,
        "wordvec": true,
        "wordvec_model": "glove-wiki-gigaword-300",
        "pca": true,
        "pca_comp": 100
    },
    "model_specs": {
        "model_type": [
            "LogisticRegression"
        ],
        "params": {
            "scale": true,
            "oversample": false,
            "gscv": true,
            "n_jobs": -1,
            "return_train_score": true,
            "split": 0.8,
            "random_state": 42,
            "C": 100,
            "gamma": 1,
            "kernel": "rbf"
        }
    },
    "scores_report": {
        "training accuracy": 0.7435271897379397,
        "Test accuracy": 0.7262429200755192,
        "Validation accuracy": 0.7462216624685138,
        "Dummy most frequent accuracy": 0.6702328508495909,
        "Dummy uniform accuracy": 0.512901195720579,
        "Test F1-score": 0.7161684001140353,
        "Validation F1-score": 0.7362982968560391,
        "Dummy most frequent F1-Score": 0.5379035313902143,
        "Dummy Unified F1-score": 0.5274487545019756,
        "Test Matthews Corrcoef": 0.3489487476805987,
        "Validation Matthews Corrcoef": 0.42947235605986606,
        "Dummy Unified Mathews Corrcoef": 0.025391354542869844,
        "Classification Report - Test": {
            "0": {
                "precision": 0.766497461928934,
                "recall": 0.8507042253521127,
                "f1-score": 0.8064085447263017,
                "support": 1065
            },
            "1": {
                "precision": 0.6093366093366094,
                "recall": 0.4732824427480916,
                "f1-score": 0.5327604726100966,
                "support": 524
            },
            "accuracy": 0.7262429200755192,
            "macro avg": {
                "precision": 0.6879170356327717,
                "recall": 0.6619933340501021,
                "f1-score": 0.6695845086681992,
                "support": 1589
            },
            "weighted avg": {
                "precision": 0.7146709756115154,
                "recall": 0.7262429200755192,
                "f1-score": 0.7161684001140353,
                "support": 1589
            }
        },
        "Classification Report - Validation": {
            "0": {
                "precision": 0.7625215889464594,
                "recall": 0.8733926805143423,
                "f1-score": 0.8142000922083908,
                "support": 1011
            },
            "1": {
                "precision": 0.7023255813953488,
                "recall": 0.5233968804159446,
                "f1-score": 0.5998013902681231,
                "support": 577
            },
            "accuracy": 0.7462216624685138,
            "macro avg": {
                "precision": 0.7324235851709041,
                "recall": 0.6983947804651434,
                "f1-score": 0.707000741238257,
                "support": 1588
            },
            "weighted avg": {
                "precision": 0.7406493620214023,
                "recall": 0.7462216624685138,
                "f1-score": 0.7362982968560391,
                "support": 1588
            }
        }
    }
}