{
    "preprocess_features": {
        "tfidf": true,
        "handpicked": true,
        "wordvec": true,
        "wordvec_model": "glove-wiki-gigaword-300",
        "pca": true,
        "pca_comp": 100
    },
    "model_specs": {
        "model_type": [
            "LogisticRegression"
        ],
        "params": {
            "scale": true,
            "oversample": false,
            "gscv": true,
            "n_jobs": -1,
            "return_train_score": true,
            "split": 0.8,
            "random_state": 42,
            "C": 100,
            "gamma": 1,
            "kernel": "rbf"
        }
    },
    "scores_report": {
        "training accuracy": 0.7593452427795703,
        "Test accuracy": 0.7413467589679044,
        "Validation accuracy": 0.7619647355163728,
        "Dummy most frequent accuracy": 0.6702328508495909,
        "Dummy uniform accuracy": 0.512901195720579,
        "Test F1-score": 0.7377553986176004,
        "Validation F1-score": 0.7582615206109775,
        "Dummy most frequent F1-Score": 0.5379035313902143,
        "Dummy Unified F1-score": 0.5274487545019756,
        "Test Matthews Corrcoef": 0.4011485106910819,
        "Validation Matthews Corrcoef": 0.47401817475600916,
        "Dummy Unified Mathews Corrcoef": 0.025391354542869844,
        "Classification Report - Test": {
            "0": {
                "precision": 0.793010752688172,
                "recall": 0.8309859154929577,
                "f1-score": 0.811554332874828,
                "support": 1065
            },
            "1": {
                "precision": 0.6194503171247357,
                "recall": 0.5591603053435115,
                "f1-score": 0.5877632898696089,
                "support": 524
            },
            "accuracy": 0.7413467589679044,
            "macro avg": {
                "precision": 0.7062305349064539,
                "recall": 0.6950731104182346,
                "f1-score": 0.6996588113722184,
                "support": 1589
            },
            "weighted avg": {
                "precision": 0.7357762226471143,
                "recall": 0.7413467589679044,
                "f1-score": 0.7377553986176004,
                "support": 1589
            }
        },
        "Classification Report - Validation": {
            "0": {
                "precision": 0.7927844588344126,
                "recall": 0.847675568743818,
                "f1-score": 0.8193116634799236,
                "support": 1011
            },
            "1": {
                "precision": 0.6962524654832347,
                "recall": 0.6117850953206239,
                "f1-score": 0.6512915129151291,
                "support": 577
            },
            "accuracy": 0.7619647355163728,
            "macro avg": {
                "precision": 0.7445184621588237,
                "recall": 0.7297303320322209,
                "f1-score": 0.7353015881975263,
                "support": 1588
            },
            "weighted avg": {
                "precision": 0.7577095468925804,
                "recall": 0.7619647355163728,
                "f1-score": 0.7582615206109775,
                "support": 1588
            }
        }
    }
}