{
    "preprocess_features": {
        "tfidf": true,
        "handpicked": true,
        "wordvec": true,
        "wordvec_model": "glove-wiki-gigaword-300",
        "pca": true,
        "pca_comp": 100
    },
    "model_specs": {
        "model_type": [
            "LogisticRegression"
        ],
        "params": {
            "scale": true,
            "oversample": false,
            "gscv": true,
            "n_jobs": -1,
            "return_train_score": true,
            "split": 0.8,
            "random_state": 42,
            "C": 100,
            "gamma": 1,
            "kernel": "rbf"
        }
    },
    "scores_report": {
        "training accuracy": 0.7384905957346345,
        "Test accuracy": 0.7243549402139711,
        "Validation accuracy": 0.7260705289672544,
        "Dummy most frequent accuracy": 0.6702328508495909,
        "Dummy uniform accuracy": 0.512901195720579,
        "Test F1-score": 0.7123063518739527,
        "Validation F1-score": 0.7143708618941144,
        "Dummy most frequent F1-Score": 0.5379035313902143,
        "Dummy Unified F1-score": 0.5274487545019756,
        "Test Matthews Corrcoef": 0.34026901207601906,
        "Validation Matthews Corrcoef": 0.38113788072909577,
        "Dummy Unified Mathews Corrcoef": 0.025391354542869844,
        "Classification Report - Test": {
            "0": {
                "precision": 0.7614678899082569,
                "recall": 0.8572769953051643,
                "f1-score": 0.8065371024734982,
                "support": 1065
            },
            "1": {
                "precision": 0.6102564102564103,
                "recall": 0.4541984732824427,
                "f1-score": 0.5207877461706784,
                "support": 524
            },
            "accuracy": 0.7243549402139711,
            "macro avg": {
                "precision": 0.6858621500823336,
                "recall": 0.6557377342938036,
                "f1-score": 0.6636624243220883,
                "support": 1589
            },
            "weighted avg": {
                "precision": 0.7116033113446523,
                "recall": 0.7243549402139711,
                "f1-score": 0.7123063518739527,
                "support": 1589
            }
        },
        "Classification Report - Validation": {
            "0": {
                "precision": 0.7465753424657534,
                "recall": 0.8625123639960435,
                "f1-score": 0.8003671408903167,
                "support": 1011
            },
            "1": {
                "precision": 0.669047619047619,
                "recall": 0.48700173310225303,
                "f1-score": 0.5636910732196591,
                "support": 577
            },
            "accuracy": 0.7260705289672544,
            "macro avg": {
                "precision": 0.7078114807566862,
                "recall": 0.6747570485491483,
                "f1-score": 0.6820291070549879,
                "support": 1588
            },
            "weighted avg": {
                "precision": 0.7184056343975774,
                "recall": 0.7260705289672544,
                "f1-score": 0.7143708618941144,
                "support": 1588
            }
        }
    }
}