{
    "preprocess_features": {
        "tfidf": true,
        "handpicked": true,
        "wordvec": true,
        "wordvec_model": "glove-wiki-gigaword-300",
        "pca": true,
        "pca_comp": 100
    },
    "model_specs": {
        "model_type": [
            "SVC"
        ],
        "params": {
            "scale": true,
            "oversample": true,
            "gscv": true,
            "n_jobs": -1,
            "split": 0.8,
            "random_state": 42,
            "C": 100
        }
    },
    "scores_report": {
        "training accuracy": 0.773741690408357,
        "Test accuracy": 0.7388294524858402,
        "Validation accuracy": 0.7688916876574308,
        "Dummy most frequent accuracy": 0.6702328508495909,
        "Dummy uniform accuracy": 0.512901195720579,
        "Test F1-score": 0.7459684020121553,
        "Validation F1-score": 0.7731295332405351,
        "Dummy most frequent F1-Score": 0.5379035313902143,
        "Dummy Unified F1-score": 0.5274487545019756,
        "Test Matthews Corrcoef": 0.47099530267975825,
        "Validation Matthews Corrcoef": 0.5435204483653648,
        "Dummy Unified Mathews Corrcoef": 0.025391354542869844,
        "Classification Report - Test": {
            "0": {
                "precision": 0.8684807256235828,
                "recall": 0.7192488262910798,
                "f1-score": 0.7868515665125835,
                "support": 1065
            },
            "1": {
                "precision": 0.5770862800565771,
                "recall": 0.7786259541984732,
                "f1-score": 0.6628757108042241,
                "support": 524
            },
            "accuracy": 0.7388294524858402,
            "macro avg": {
                "precision": 0.72278350284008,
                "recall": 0.7489373902447765,
                "f1-score": 0.7248636386584038,
                "support": 1589
            },
            "weighted avg": {
                "precision": 0.7723884100306873,
                "recall": 0.7388294524858402,
                "f1-score": 0.7459684020121553,
                "support": 1589
            }
        },
        "Classification Report - Validation": {
            "0": {
                "precision": 0.8833333333333333,
                "recall": 0.7339268051434223,
                "f1-score": 0.801728795245813,
                "support": 1011
            },
            "1": {
                "precision": 0.6403743315508021,
                "recall": 0.830155979202773,
                "f1-score": 0.7230188679245283,
                "support": 577
            },
            "accuracy": 0.7688916876574308,
            "macro avg": {
                "precision": 0.7618538324420677,
                "recall": 0.7820413921730976,
                "f1-score": 0.7623738315851707,
                "support": 1588
            },
            "weighted avg": {
                "precision": 0.79505414943628,
                "recall": 0.7688916876574308,
                "f1-score": 0.7731295332405351,
                "support": 1588
            }
        }
    }
}