{
    "preprocess_features": {
        "tfidf": true,
        "handpicked": true,
        "wordvec": true,
        "wordvec_model": "glove-wiki-gigaword-300",
        "pca": true,
        "pca_comp": 100
    },
    "model_specs": {
        "model_type": [
            "LogisticRegression"
        ],
        "params": {
            "scale": true,
            "oversample": false,
            "gscv": true,
            "n_jobs": -1,
            "return_train_score": true,
            "split": 0.8,
            "random_state": 42,
            "C": 100,
            "gamma": 1,
            "kernel": "rbf"
        }
    },
    "scores_report": {
        "training accuracy": 0.740143228141969,
        "Test accuracy": 0.7142857142857143,
        "Validation accuracy": 0.7342569269521411,
        "Dummy most frequent accuracy": 0.6702328508495909,
        "Dummy uniform accuracy": 0.512901195720579,
        "Test F1-score": 0.7029734536389372,
        "Validation F1-score": 0.7231983025263002,
        "Dummy most frequent F1-Score": 0.5379035313902143,
        "Dummy Unified F1-score": 0.5274487545019756,
        "Test Matthews Corrcoef": 0.31797450199203464,
        "Validation Matthews Corrcoef": 0.4007384019051018,
        "Dummy Unified Mathews Corrcoef": 0.025391354542869844,
        "Classification Report - Test": {
            "0": {
                "precision": 0.7569386038687973,
                "recall": 0.8450704225352113,
                "f1-score": 0.7985803016858917,
                "support": 1065
            },
            "1": {
                "precision": 0.5875,
                "recall": 0.4484732824427481,
                "f1-score": 0.5086580086580086,
                "support": 524
            },
            "accuracy": 0.7142857142857143,
            "macro avg": {
                "precision": 0.6722193019343987,
                "recall": 0.6467718524889796,
                "f1-score": 0.6536191551719501,
                "support": 1589
            },
            "weighted avg": {
                "precision": 0.7010633185149585,
                "recall": 0.7142857142857143,
                "f1-score": 0.7029734536389372,
                "support": 1589
            }
        },
        "Classification Report - Validation": {
            "0": {
                "precision": 0.7527896995708154,
                "recall": 0.8674579624134521,
                "f1-score": 0.8060661764705883,
                "support": 1011
            },
            "1": {
                "precision": 0.6832151300236406,
                "recall": 0.5008665511265165,
                "f1-score": 0.578,
                "support": 577
            },
            "accuracy": 0.7342569269521411,
            "macro avg": {
                "precision": 0.718002414797228,
                "recall": 0.6841622567699843,
                "f1-score": 0.6920330882352941,
                "support": 1588
            },
            "weighted avg": {
                "precision": 0.7275097709633092,
                "recall": 0.7342569269521411,
                "f1-score": 0.7231983025263002,
                "support": 1588
            }
        }
    }
}