{
    "preprocess_features": {
        "tfidf": true,
        "handpicked": true,
        "wordvec": true,
        "wordvec_model": "glove-wiki-gigaword-300",
        "pca": true,
        "pca_comp": 100
    },
    "model_specs": {
        "model_type": [
            "SVC"
        ],
        "params": {
            "scale": true,
            "oversample": true,
            "gscv": false,
            "n_jobs": -1,
            "split": 0.8,
            "C": 10,
            "kernel": "linear",
            "gamma": "auto",
            "random_state": 42
        }
    },
    "scores_report": {
        "training accuracy": 0.7727920227920227,
        "Test accuracy": 0.7394587791063562,
        "Validation accuracy": 0.767632241813602,
        "Dummy most frequent accuracy": 0.6702328508495909,
        "Dummy uniform accuracy": 0.512901195720579,
        "Test F1-score": 0.7467236456671776,
        "Validation F1-score": 0.7718056634686535,
        "Dummy most frequent F1-Score": 0.5379035313902143,
        "Dummy Unified F1-score": 0.5274487545019756,
        "Test Matthews Corrcoef": 0.4758992810473494,
        "Validation Matthews Corrcoef": 0.5377498092596885,
        "Dummy Unified Mathews Corrcoef": 0.025391354542869844,
        "Classification Report - Test": {
            "0": {
                "precision": 0.872852233676976,
                "recall": 0.7154929577464789,
                "f1-score": 0.7863777089783281,
                "support": 1065
            },
            "1": {
                "precision": 0.5768156424581006,
                "recall": 0.7881679389312977,
                "f1-score": 0.6661290322580645,
                "support": 524
            },
            "accuracy": 0.7394587791063562,
            "macro avg": {
                "precision": 0.7248339380675383,
                "recall": 0.7518304483388882,
                "f1-score": 0.7262533706181964,
                "support": 1589
            },
            "weighted avg": {
                "precision": 0.7752290909465224,
                "recall": 0.7394587791063562,
                "f1-score": 0.7467236456671776,
                "support": 1589
            }
        },
        "Classification Report - Validation": {
            "0": {
                "precision": 0.8776470588235294,
                "recall": 0.7378832838773491,
                "f1-score": 0.8017195056421279,
                "support": 1011
            },
            "1": {
                "precision": 0.6409214092140921,
                "recall": 0.8197573656845754,
                "f1-score": 0.7193916349809886,
                "support": 577
            },
            "accuracy": 0.767632241813602,
            "macro avg": {
                "precision": 0.7592842340188108,
                "recall": 0.7788203247809622,
                "f1-score": 0.7605555703115583,
                "support": 1588
            },
            "weighted avg": {
                "precision": 0.7916327642236268,
                "recall": 0.767632241813602,
                "f1-score": 0.7718056634686535,
                "support": 1588
            }
        }
    }
}