{
    "preprocess_features": {
        "tfidf": true,
        "handpicked": true,
        "wordvec": true,
        "wordvec_model": "glove-wiki-gigaword-300",
        "pca": true,
        "pca_comp": 100
    },
    "model_specs": {
        "model_type": [
            "SVC"
        ],
        "params": {
            "scale": true,
            "oversample": false,
            "gscv": true,
            "n_jobs": -1,
            "split": 0.8,
            "random_state": 42,
            "C": 100
        }
    },
    "scores_report": {
        "training accuracy": 0.958133312347525,
        "Test accuracy": 0.7035871617369415,
        "Validation accuracy": 0.7474811083123426,
        "Dummy most frequent accuracy": 0.6702328508495909,
        "Dummy uniform accuracy": 0.512901195720579,
        "Test F1-score": 0.6975976395981692,
        "Validation F1-score": 0.7434867601547362,
        "Dummy most frequent F1-Score": 0.5379035313902143,
        "Dummy Unified F1-score": 0.5274487545019756,
        "Test Matthews Corrcoef": 0.3072343941914619,
        "Validation Matthews Corrcoef": 0.441568657591998,
        "Dummy Unified Mathews Corrcoef": 0.025391354542869844,
        "Classification Report - Test": {
            "0": {
                "precision": 0.761443661971831,
                "recall": 0.812206572769953,
                "f1-score": 0.7860063607451158,
                "support": 1065
            },
            "1": {
                "precision": 0.5584988962472406,
                "recall": 0.48282442748091603,
                "f1-score": 0.5179119754350052,
                "support": 524
            },
            "accuracy": 0.7035871617369415,
            "macro avg": {
                "precision": 0.6599712791095358,
                "recall": 0.6475155001254345,
                "f1-score": 0.6519591680900605,
                "support": 1589
            },
            "weighted avg": {
                "precision": 0.6945191451438351,
                "recall": 0.7035871617369415,
                "f1-score": 0.6975976395981692,
                "support": 1589
            }
        },
        "Classification Report - Validation": {
            "0": {
                "precision": 0.7818853974121996,
                "recall": 0.8367952522255193,
                "f1-score": 0.8084089823220257,
                "support": 1011
            },
            "1": {
                "precision": 0.6739130434782609,
                "recall": 0.5909878682842288,
                "f1-score": 0.6297322253000923,
                "support": 577
            },
            "accuracy": 0.7474811083123426,
            "macro avg": {
                "precision": 0.7278992204452303,
                "recall": 0.7138915602548741,
                "f1-score": 0.719070603811059,
                "support": 1588
            },
            "weighted avg": {
                "precision": 0.7426536290117698,
                "recall": 0.7474811083123426,
                "f1-score": 0.7434867601547362,
                "support": 1588
            }
        }
    }
}