{
    "preprocess_features": {
        "tfidf": true,
        "handpicked": true,
        "wordvec": true,
        "wordvec_model": "glove-wiki-gigaword-300",
        "pca": true,
        "pca_comp": 100
    },
    "model_specs": {
        "model_type": [
            "LogisticRegression"
        ],
        "params": {
            "scale": true,
            "oversample": false,
            "gscv": true,
            "n_jobs": -1,
            "return_train_score": true,
            "split": 0.8,
            "random_state": 42,
            "C": 100,
            "gamma": 1,
            "kernel": "rbf"
        }
    },
    "scores_report": {
<<<<<<< HEAD
        "training accuracy": 0.7593452427795703,
        "Test accuracy": 0.7413467589679044,
        "Validation accuracy": 0.7619647355163728,
        "Dummy most frequent accuracy": 0.6702328508495909,
        "Dummy uniform accuracy": 0.512901195720579,
        "Test F1-score": 0.7377553986176004,
        "Validation F1-score": 0.7582615206109775,
        "Dummy most frequent F1-Score": 0.5379035313902143,
        "Dummy Unified F1-score": 0.5274487545019756,
        "Test Matthews Corrcoef": 0.4011485106910819,
        "Validation Matthews Corrcoef": 0.47401817475600916,
        "Dummy Unified Mathews Corrcoef": 0.025391354542869844,
        "Classification Report - Test": {
            "0": {
                "precision": 0.793010752688172,
                "recall": 0.8309859154929577,
                "f1-score": 0.811554332874828,
                "support": 1065
            },
            "1": {
                "precision": 0.6194503171247357,
                "recall": 0.5591603053435115,
                "f1-score": 0.5877632898696089,
                "support": 524
            },
            "accuracy": 0.7413467589679044,
            "macro avg": {
                "precision": 0.7062305349064539,
                "recall": 0.6950731104182346,
                "f1-score": 0.6996588113722184,
                "support": 1589
            },
            "weighted avg": {
                "precision": 0.7357762226471143,
                "recall": 0.7413467589679044,
                "f1-score": 0.7377553986176004,
=======
        "training accuracy": 0.7457306996143858,
        "Test accuracy": 0.7319068596601637,
        "Validation accuracy": 0.7348866498740554,
        "Dummy most frequent accuracy": 0.6702328508495909,
        "Dummy uniform accuracy": 0.512901195720579,
        "Test F1-score": 0.722355567616486,
        "Validation F1-score": 0.7237576875172346,
        "Dummy most frequent F1-Score": 0.5379035313902143,
        "Dummy Unified F1-score": 0.5274487545019756,
        "Test Matthews Corrcoef": 0.36344148207914584,
        "Validation Matthews Corrcoef": 0.40211782386219364,
        "Dummy Unified Mathews Corrcoef": 0.025391354542869844,
        "Classification Report - Test": {
            "0": {
                "precision": 0.7709923664122137,
                "recall": 0.8535211267605634,
                "f1-score": 0.8101604278074865,
                "support": 1065
            },
            "1": {
                "precision": 0.6195121951219512,
                "recall": 0.4847328244274809,
                "f1-score": 0.54389721627409,
                "support": 524
            },
            "accuracy": 0.7319068596601637,
            "macro avg": {
                "precision": 0.6952522807670825,
                "recall": 0.6691269755940221,
                "f1-score": 0.6770288220407883,
                "support": 1589
            },
            "weighted avg": {
                "precision": 0.7210391821730082,
                "recall": 0.7319068596601637,
                "f1-score": 0.722355567616486,
>>>>>>> 9567334287204aaae16d9714c206190900ce7257
                "support": 1589
            }
        },
        "Classification Report - Validation": {
            "0": {
<<<<<<< HEAD
                "precision": 0.7927844588344126,
                "recall": 0.847675568743818,
                "f1-score": 0.8193116634799236,
                "support": 1011
            },
            "1": {
                "precision": 0.6962524654832347,
                "recall": 0.6117850953206239,
                "f1-score": 0.6512915129151291,
                "support": 577
            },
            "accuracy": 0.7619647355163728,
            "macro avg": {
                "precision": 0.7445184621588237,
                "recall": 0.7297303320322209,
                "f1-score": 0.7353015881975263,
                "support": 1588
            },
            "weighted avg": {
                "precision": 0.7577095468925804,
                "recall": 0.7619647355163728,
                "f1-score": 0.7582615206109775,
=======
                "precision": 0.7530017152658662,
                "recall": 0.8684470820969338,
                "f1-score": 0.8066146072576942,
                "support": 1011
            },
            "1": {
                "precision": 0.6848341232227488,
                "recall": 0.5008665511265165,
                "f1-score": 0.5785785785785786,
                "support": 577
            },
            "accuracy": 0.7348866498740554,
            "macro avg": {
                "precision": 0.7189179192443076,
                "recall": 0.6846568166117251,
                "f1-score": 0.6925965929181364,
                "support": 1588
            },
            "weighted avg": {
                "precision": 0.7282330121116605,
                "recall": 0.7348866498740554,
                "f1-score": 0.7237576875172346,
>>>>>>> 9567334287204aaae16d9714c206190900ce7257
                "support": 1588
            }
        }
    }
}