{
    "preprocess_features": {
        "tfidf": true,
        "handpicked": true,
        "wordvec": true,
        "wordvec_model": "glove-wiki-gigaword-300",
        "pca": true,
        "pca_comp": 100
    },
    "model_specs": {
        "model_type": [
            "LogisticRegression"
        ],
        "params": {
            "scale": true,
            "oversample": true,
            "gscv": true,
            "n_jobs": -1,
            "split": 0.8
        }
    },
    "scores_report": {
        "training accuracy": 0.7730887939221273,
        "Test accuracy": 0.7463813719320327,
        "Validation accuracy": 0.7720403022670025,
        "Dummy most frequent accuracy": 0.6702328508495909,
        "Dummy uniform accuracy": 0.512901195720579,
        "Test F1-score": 0.752767938224027,
        "Validation F1-score": 0.7760184804905758,
        "Dummy most frequent F1-Score": 0.5379035313902143,
        "Dummy Unified F1-score": 0.5274487545019756,
        "Test Matthews Corrcoef": 0.4764944955789819,
        "Validation Matthews Corrcoef": 0.5435783146374996,
        "Dummy Unified Mathews Corrcoef": 0.025391354542869844,
        "Classification Report - Test": {
            "0": {
                "precision": 0.8637362637362638,
                "recall": 0.7380281690140845,
                "f1-score": 0.7959493670886076,
                "support": 1065
            },
            "1": {
                "precision": 0.5891016200294551,
                "recall": 0.7633587786259542,
                "f1-score": 0.6650041562759768,
                "support": 524
            },
            "accuracy": 0.7463813719320327,
            "macro avg": {
                "precision": 0.7264189418828595,
                "recall": 0.7506934738200194,
                "f1-score": 0.7304767616822923,
                "support": 1589
            },
            "weighted avg": {
                "precision": 0.7731707802231311,
                "recall": 0.7463813719320327,
                "f1-score": 0.752767938224027,
                "support": 1589
            }
        },
        "Classification Report - Validation": {
            "0": {
                "precision": 0.8768873403019745,
                "recall": 0.7467853610286844,
                "f1-score": 0.8066239316239316,
                "support": 1011
            },
            "1": {
                "precision": 0.6478679504814305,
                "recall": 0.8162911611785095,
                "f1-score": 0.7223926380368099,
                "support": 577
            },
            "accuracy": 0.7720403022670025,
            "macro avg": {
                "precision": 0.7623776453917025,
                "recall": 0.781538261103597,
                "f1-score": 0.7645082848303708,
                "support": 1588
            },
            "weighted avg": {
                "precision": 0.793673116166928,
                "recall": 0.7720403022670025,
                "f1-score": 0.7760184804905758,
                "support": 1588
            }
        }
    }
}