{
    "preprocess_features": {
        "tfidf": true,
        "handpicked": true,
        "wordvec": true,
        "wordvec_model": "glove-wiki-gigaword-300",
        "pca": true,
        "pca_comp": 100
    },
    "model_specs": {
        "model_type": [
            "LogisticRegression"
        ],
        "params": {
            "scale": true,
            "oversample": false,
            "gscv": false,
            "n_jobs": -1,
            "return_train_score": true,
            "split": 0.8,
            "random_state": 42,
            "solver": "saga"
        }
    },
    "scores_report": {
        "training accuracy": 0.7369953568899033,
        "Test accuracy": 0.7174323473882945,
        "Validation accuracy": 0.7380352644836272,
        "Dummy most frequent accuracy": 0.6702328508495909,
        "Dummy uniform accuracy": 0.512901195720579,
        "Test F1-score": 0.7065853240543034,
        "Validation F1-score": 0.7259655246543827,
        "Dummy most frequent F1-Score": 0.5379035313902143,
        "Dummy Unified F1-score": 0.5274487545019756,
        "Test Matthews Corrcoef": 0.32645225992298743,
        "Validation Matthews Corrcoef": 0.4085348723038512,
        "Dummy Unified Mathews Corrcoef": 0.025391354542869844,
        "Classification Report - Test": {
            "0": {
                "precision": 0.7596964586846543,
                "recall": 0.8460093896713615,
                "f1-score": 0.8005330964015993,
                "support": 1065
            },
            "1": {
                "precision": 0.5930521091811415,
                "recall": 0.45610687022900764,
                "f1-score": 0.5156418554476807,
                "support": 524
            },
            "accuracy": 0.7174323473882945,
            "macro avg": {
                "precision": 0.6763742839328979,
                "recall": 0.6510581299501845,
                "f1-score": 0.65808747592464,
                "support": 1589
            },
            "weighted avg": {
                "precision": 0.7047426266268564,
                "recall": 0.7174323473882945,
                "f1-score": 0.7065853240543034,
                "support": 1589
            }
        },
        "Classification Report - Validation": {
            "0": {
                "precision": 0.7527612574341547,
                "recall": 0.8763600395647874,
                "f1-score": 0.8098720292504572,
                "support": 1011
            },
            "1": {
                "precision": 0.6958637469586375,
                "recall": 0.49566724436741766,
                "f1-score": 0.5789473684210525,
                "support": 577
            },
            "accuracy": 0.7380352644836272,
            "macro avg": {
                "precision": 0.7243125021963961,
                "recall": 0.6860136419661025,
                "f1-score": 0.6944096988357549,
                "support": 1588
            },
            "weighted avg": {
                "precision": 0.7320875398369422,
                "recall": 0.7380352644836272,
                "f1-score": 0.7259655246543827,
                "support": 1588
            }
        }
    }
}