{
    "preprocess_features": {
        "tfidf": true,
        "handpicked": true,
        "wordvec": true,
        "wordvec_model": "glove-wiki-gigaword-300",
        "pca": true,
        "pca_comp": 100
    },
    "model_specs": {
        "model_type": [
            "SVC"
        ],
        "params": {
            "scale": true,
            "oversample": false,
            "gscv": true,
            "n_jobs": -1,
            "split": 0.8,
            "random_state": 42,
            "C": 100
        }
    },
    "scores_report": {
        "training accuracy": 0.7611552687495081,
        "Test accuracy": 0.7457520453115167,
        "Validation accuracy": 0.7638539042821159,
        "Dummy most frequent accuracy": 0.6702328508495909,
        "Dummy uniform accuracy": 0.512901195720579,
        "Test F1-score": 0.742451724753687,
        "Validation F1-score": 0.7607220152083207,
        "Dummy most frequent F1-Score": 0.5379035313902143,
        "Dummy Unified F1-score": 0.5274487545019756,
        "Test Matthews Corrcoef": 0.4121416208280122,
        "Validation Matthews Corrcoef": 0.47946575913750356,
        "Dummy Unified Mathews Corrcoef": 0.025391354542869844,
        "Classification Report - Test": {
            "0": {
                "precision": 0.7969451931716083,
                "recall": 0.8328638497652582,
                "f1-score": 0.8145087235996328,
                "support": 1065
            },
            "1": {
                "precision": 0.6260504201680672,
                "recall": 0.5687022900763359,
                "f1-score": 0.596,
                "support": 524
            },
            "accuracy": 0.7457520453115167,
            "macro avg": {
                "precision": 0.7114978066698378,
                "recall": 0.7007830699207971,
                "f1-score": 0.7052543617998164,
                "support": 1589
            },
            "weighted avg": {
                "precision": 0.7405897110735243,
                "recall": 0.7457520453115167,
                "f1-score": 0.742451724753687,
                "support": 1589
            }
        },
        "Classification Report - Validation": {
            "0": {
                "precision": 0.7966417910447762,
                "recall": 0.8447082096933729,
                "f1-score": 0.8199711953912625,
                "support": 1011
            },
            "1": {
                "precision": 0.6957364341085271,
                "recall": 0.6221837088388215,
                "f1-score": 0.656907593778591,
                "support": 577
            },
            "accuracy": 0.7638539042821159,
            "macro avg": {
                "precision": 0.7461891125766517,
                "recall": 0.7334459592660971,
                "f1-score": 0.7384393945849268,
                "support": 1588
            },
            "weighted avg": {
                "precision": 0.7599778168935069,
                "recall": 0.7638539042821159,
                "f1-score": 0.7607220152083207,
                "support": 1588
            }
        }
    }
}