{
    "preprocess_features": {
        "tfidf": true,
        "handpicked": true,
        "wordvec": true,
        "wordvec_model": "glove-wiki-gigaword-300",
        "pca": true,
        "pca_comp": 100
    },
    "model_specs": {
        "model_type": [
            "SVC"
        ],
        "params": {
            "scale": true,
            "oversample": false,
            "gscv": true,
            "n_jobs": -1,
            "split": 0.8,
            "random_state": 42,
            "C": 100
        }
    },
    "scores_report": {
        "training accuracy": 0.771149759974817,
        "Test accuracy": 0.7444933920704846,
        "Validation accuracy": 0.7732997481108312,
        "Dummy most frequent accuracy": 0.6702328508495909,
        "Dummy uniform accuracy": 0.512901195720579,
        "Test F1-score": 0.7475241697245337,
        "Validation F1-score": 0.7748758743173375,
        "Dummy most frequent F1-Score": 0.5379035313902143,
        "Dummy Unified F1-score": 0.5274487545019756,
        "Test Matthews Corrcoef": 0.43858329633501475,
        "Validation Matthews Corrcoef": 0.5183596623341564,
        "Dummy Unified Mathews Corrcoef": 0.025391354542869844,
        "Classification Report - Test": {
            "0": {
                "precision": 0.8265609514370664,
                "recall": 0.7830985915492957,
                "f1-score": 0.8042430086788814,
                "support": 1065
            },
            "1": {
                "precision": 0.6017241379310345,
                "recall": 0.666030534351145,
                "f1-score": 0.6322463768115942,
                "support": 524
            },
            "accuracy": 0.7444933920704846,
            "macro avg": {
                "precision": 0.7141425446840505,
                "recall": 0.7245645629502204,
                "f1-score": 0.7182446927452378,
                "support": 1589
            },
            "weighted avg": {
                "precision": 0.7524171564231201,
                "recall": 0.7444933920704846,
                "f1-score": 0.7475241697245337,
                "support": 1589
            }
        },
        "Classification Report - Validation": {
            "0": {
                "precision": 0.8359133126934984,
                "recall": 0.8011869436201781,
                "f1-score": 0.8181818181818181,
                "support": 1011
            },
            "1": {
                "precision": 0.6752827140549273,
                "recall": 0.7244367417677643,
                "f1-score": 0.6989966555183946,
                "support": 577
            },
            "accuracy": 0.7732997481108312,
            "macro avg": {
                "precision": 0.7555980133742128,
                "recall": 0.7628118426939712,
                "f1-score": 0.7585892368501064,
                "support": 1588
            },
            "weighted avg": {
                "precision": 0.7775481644476195,
                "recall": 0.7732997481108312,
                "f1-score": 0.7748758743173375,
                "support": 1588
            }
        }
    }
}