{
    "preprocess_features": {
        "category_thresh": 500,
        "tfidf": true,
        "handpicked": true,
        "wordvec": true,
        "wordvec_model": "glove-wiki-gigaword-300",
        "pca": true,
        "pca_comp": 55
    },
    "model_specs": {
        "model_type": [
            "GradientBoostingClassifier"
        ],
        "params": {
            "scale": true,
            "oversample": false,
            "gscv": true,
            "n_jobs": -1,
            "return_train_score": false,
            "split": 0.8,
            "random_state": 42,
            "C": 100,
            "gamma": 1,
            "kernel": "rbf"
        }
    },
    "scores_report": {
        "training accuracy": 0.9127361415402422,
        "Test accuracy": 0.6610449735449735,
        "Validation accuracy": 0.667989417989418,
        "Dummy most frequent accuracy": 0.5634920634920635,
        "Dummy uniform accuracy": 0.5,
        "Test F1-score": 0.6527486640609895,
        "Validation F1-score": 0.6617313587249837,
        "Dummy most frequent F1-Score": 0.40617194424301023,
        "Dummy Unified F1-score": 0.5020142515935813,
        "Test Matthews Corrcoef": 0.2992340596394998,
        "Validation Matthews Corrcoef": 0.32152829013974243,
        "Dummy Unified Mathews Corrcoef": -0.0011854256769998402,
        "Classification Report - Test": {
            "0": {
                "precision": 0.6688214818498259,
                "recall": 0.7893192488262911,
                "f1-score": 0.7240915208613727,
                "support": 1704
            },
            "1": {
                "precision": 0.6456071076011846,
                "recall": 0.4954545454545455,
                "f1-score": 0.5606515216459494,
                "support": 1320
            },
            "accuracy": 0.6610449735449735,
            "macro avg": {
                "precision": 0.6572142947255053,
                "recall": 0.6423868971404183,
                "f1-score": 0.6423715212536611,
                "support": 3024
            },
            "weighted avg": {
                "precision": 0.6586882232492285,
                "recall": 0.6610449735449735,
                "f1-score": 0.6527486640609895,
                "support": 3024
            }
        },
        "Classification Report - Validation": {
            "0": {
                "precision": 0.6704312114989733,
                "recall": 0.7829736211031175,
                "f1-score": 0.7223451327433629,
                "support": 1668
            },
            "1": {
                "precision": 0.6635687732342007,
                "recall": 0.5265486725663717,
                "f1-score": 0.587171052631579,
                "support": 1356
            },
            "accuracy": 0.667989417989418,
            "macro avg": {
                "precision": 0.666999992366587,
                "recall": 0.6547611468347446,
                "f1-score": 0.654758092687471,
                "support": 3024
            },
            "weighted avg": {
                "precision": 0.6673540070389761,
                "recall": 0.667989417989418,
                "f1-score": 0.6617313587249837,
                "support": 3024
            }
        }
    }
}