{
    "preprocess_features": {
        "category_thresh": 500,
        "tfidf": true,
        "handpicked": true,
        "wordvec": true,
        "wordvec_model": "glove-wiki-gigaword-300",
        "pca": true,
        "pca_comp": 25
    },
    "model_specs": {
        "model_type": [
            "LogisticRegression"
        ],
        "params": {
            "scale": true,
            "oversample": false,
            "gscv": true,
            "n_jobs": 1,
            "return_train_score": false,
            "split": 0.8,
            "random_state": 42,
            "C": 100,
            "gamma": 1,
            "kernel": "rbf"
        }
    },
    "scores_report": {
        "training accuracy": 0.6004712496382952,
        "Test accuracy": 0.5238095238095238,
        "Validation accuracy": 0.5757275132275133,
        "Dummy most frequent accuracy": 0.5634920634920635,
        "Dummy uniform accuracy": 0.5,
        "Test F1-score": 0.4843957401881406,
        "Validation F1-score": 0.5485431896530989,
        "Dummy most frequent F1-Score": 0.40617194424301023,
        "Dummy Unified F1-score": 0.5020142515935813,
        "Test Matthews Corrcoef": -0.027799617453576755,
        "Validation Matthews Corrcoef": 0.11619154978218847,
        "Dummy Unified Mathews Corrcoef": -0.0011854256769998402,
        "Classification Report - Test": {
            "0": {
                "precision": 0.5561224489795918,
                "recall": 0.7676056338028169,
                "f1-score": 0.6449704142011834,
                "support": 1704
            },
            "1": {
                "precision": 0.4107142857142857,
                "recall": 0.20909090909090908,
                "f1-score": 0.27710843373493976,
                "support": 1320
            },
            "accuracy": 0.5238095238095238,
            "macro avg": {
                "precision": 0.48341836734693877,
                "recall": 0.488348271446863,
                "f1-score": 0.4610394239680616,
                "support": 3024
            },
            "weighted avg": {
                "precision": 0.49265063168124384,
                "recall": 0.5238095238095238,
                "f1-score": 0.4843957401881406,
                "support": 3024
            }
        },
        "Classification Report - Validation": {
            "0": {
                "precision": 0.5852146967684816,
                "recall": 0.7925659472422062,
                "f1-score": 0.6732874968169085,
                "support": 1668
            },
            "1": {
                "precision": 0.5477124183006536,
                "recall": 0.3089970501474926,
                "f1-score": 0.3950966525223951,
                "support": 1356
            },
            "accuracy": 0.5757275132275133,
            "macro avg": {
                "precision": 0.5664635575345676,
                "recall": 0.5507814986948494,
                "f1-score": 0.5341920746696518,
                "support": 3024
            },
            "weighted avg": {
                "precision": 0.5683981988840985,
                "recall": 0.5757275132275133,
                "f1-score": 0.5485431896530989,
                "support": 3024
            }
        }
    }
}