{
    "preprocess_features": {
        "category_thresh": 500,
        "tfidf": true,
        "handpicked": true,
        "wordvec": true,
        "wordvec_model": "glove-wiki-gigaword-300",
        "pca": true,
        "pca_comp": 55
    },
    "model_specs": {
        "model_type": [
            "LogisticRegression"
        ],
        "params": {
            "scale": true,
            "oversample": false,
            "gscv": true,
            "n_jobs": -1,
            "return_train_score": false,
            "split": 0.8,
            "random_state": 42,
            "C": 100,
            "gamma": 1,
            "kernel": "rbf"
        }
    },
    "scores_report": {
        "training accuracy": 0.7369269563060642,
        "Test accuracy": 0.6554232804232805,
        "Validation accuracy": 0.6587301587301587,
        "Dummy most frequent accuracy": 0.5634920634920635,
        "Dummy uniform accuracy": 0.5,
        "Test F1-score": 0.648062749739282,
        "Validation F1-score": 0.651365167270626,
        "Dummy most frequent F1-Score": 0.40617194424301023,
        "Dummy Unified F1-score": 0.5020142515935813,
        "Test Matthews Corrcoef": 0.2878018840007476,
        "Validation Matthews Corrcoef": 0.30190786078589205,
        "Dummy Unified Mathews Corrcoef": -0.0011854256769998402,
        "Classification Report - Test": {
            "0": {
                "precision": 0.6668346774193549,
                "recall": 0.7764084507042254,
                "f1-score": 0.7174620390455532,
                "support": 1704
            },
            "1": {
                "precision": 0.6336538461538461,
                "recall": 0.49924242424242427,
                "f1-score": 0.5584745762711865,
                "support": 1320
            },
            "accuracy": 0.6342592592592593,
            "macro avg": {
                "precision": 0.6502442617866004,
                "recall": 0.6378254374733248,
                "f1-score": 0.6379683076583698,
                "support": 3024
            },
            "weighted avg": {
                "precision": 0.6523509812320296,
                "recall": 0.6554232804232805,
                "f1-score": 0.648062749739282,
                "support": 3024
            }
        },
        "Classification Report - Validation": {
            "0": {
                "precision": 0.6610942249240122,
                "recall": 0.7823741007194245,
                "f1-score": 0.7166392092257001,
                "support": 1668
            },
            "1": {
                "precision": 0.6542857142857142,
                "recall": 0.5066371681415929,
                "f1-score": 0.571072319201995,
                "support": 1356
            },
            "accuracy": 0.6587301587301587,
            "macro avg": {
                "precision": 0.6576899696048633,
                "recall": 0.6445056344305087,
                "f1-score": 0.6438557642138476,
                "support": 3024
            },
            "weighted avg": {
                "precision": 0.6580412022965214,
                "recall": 0.6587301587301587,
                "f1-score": 0.651365167270626,
                "support": 3024
            }
        }
    }
}