{
    "preprocess_features": {
        "category_thresh": 500,
        "tfidf": true,
        "handpicked": true,
        "wordvec": true,
        "wordvec_model": "glove-wiki-gigaword-300",
        "pca": true,
        "pca_comp": 55
    },
    "model_specs": {
        "model_type": [
            "LogisticRegression"
        ],
        "params": {
            "scale": true,
            "oversample": false,
            "gscv": true,
            "n_jobs": 1,
            "return_train_score": false,
            "split": 0.8,
            "random_state": 42,
            "C": 100,
            "gamma": 1,
            "kernel": "rbf"
        }
    },
    "scores_report": {
        "training accuracy": 0.6365177131991236,
        "Test accuracy": 0.6302910052910053,
        "Validation accuracy": 0.6319444444444444,
        "Dummy most frequent accuracy": 0.5634920634920635,
        "Dummy uniform accuracy": 0.5,
        "Test F1-score": 0.6192544927052505,
        "Validation F1-score": 0.6225438405420161,
        "Dummy most frequent F1-Score": 0.40617194424301023,
        "Dummy Unified F1-score": 0.5020142515935813,
        "Test Matthews Corrcoef": 0.23225258824437647,
        "Validation Matthews Corrcoef": 0.24481238236007555,
        "Dummy Unified Mathews Corrcoef": -0.0011854256769998402,
        "Classification Report - Test": {
            "0": {
                "precision": 0.6426484907497566,
                "recall": 0.7746478873239436,
                "f1-score": 0.7025013304949441,
                "support": 1704
            },
            "1": {
                "precision": 0.6041237113402061,
                "recall": 0.44393939393939397,
                "f1-score": 0.5117903930131005,
                "support": 1320
            },
            "accuracy": 0.6302910052910053,
            "macro avg": {
                "precision": 0.6233861010449814,
                "recall": 0.6092936406316688,
                "f1-score": 0.6071458617540223,
                "support": 3024
            },
            "weighted avg": {
                "precision": 0.6258321187852703,
                "recall": 0.6302910052910053,
                "f1-score": 0.6192544927052505,
                "support": 3024
            }
        },
        "Classification Report - Validation": {
            "0": {
                "precision": 0.6381284221005475,
                "recall": 0.7685851318944844,
                "f1-score": 0.6973075877073701,
                "support": 1668
            },
            "1": {
                "precision": 0.6197044334975369,
                "recall": 0.4638643067846608,
                "f1-score": 0.5305778152678194,
                "support": 1356
            },
            "accuracy": 0.6319444444444444,
            "macro avg": {
                "precision": 0.6289164277990422,
                "recall": 0.6162247193395726,
                "f1-score": 0.6139427014875948,
                "support": 3024
            },
            "weighted avg": {
                "precision": 0.6298668716555468,
                "recall": 0.6319444444444444,
                "f1-score": 0.6225438405420161,
                "support": 3024
            }
        }
    }
}