{
    "preprocess_features": {
        "category_thresh": 500,
        "tfidf": true,
        "handpicked": true,
        "wordvec": true,
        "wordvec_model": "glove-wiki-gigaword-300",
        "pca": true,
        "pca_comp": 55
    },
    "model_specs": {
        "model_type": [
            "LogisticRegression"
        ],
        "params": {
            "scale": true,
            "oversample": false,
            "gscv": false,
            "n_jobs": -1,
            "return_train_score": false,
            "split": 0.8,
            "random_state": 42,
            "C": 0.000954095476,
            "penalty": "l2",
            "solver": "saga"
        }
    },
    "scores_report": {
        "training accuracy": 0.6467281220288537,
        "Test accuracy": 0.6438492063492064,
        "Validation accuracy": 0.6372354497354498,
        "Dummy most frequent accuracy": 0.5777116402116402,
        "Dummy uniform accuracy": 0.5049603174603174,
        "Test F1-score": 0.6296928531272556,
        "Validation F1-score": 0.6264461998490405,
        "Dummy most frequent F1-Score": 0.42308205216924566,
        "Dummy Unified F1-score": 0.5079596363418545,
        "Test Matthews Corrcoef": 0.24845050162593627,
        "Validation Matthews Corrcoef": 0.2458167129952742,
        "Dummy Unified Mathews Corrcoef": 0.008586234283989656,
        "Classification Report - Test": {
            "0": {
                "precision": 0.6568352059925093,
                "recall": 0.8030910131654264,
                "f1-score": 0.72263713623487,
                "support": 1747
            },
            "1": {
                "precision": 0.6126126126126126,
                "recall": 0.42599843382928737,
                "f1-score": 0.5025404157043879,
                "support": 1277
            },
            "accuracy": 0.6438492063492064,
            "macro avg": {
                "precision": 0.634723909302561,
                "recall": 0.6145447234973569,
                "f1-score": 0.6125887759696289,
                "support": 3024
            },
            "weighted avg": {
                "precision": 0.6381605195685252,
                "recall": 0.6438492063492064,
                "f1-score": 0.6296928531272556,
                "support": 3024
            }
        },
        "Classification Report - Validation": {
            "0": {
                "precision": 0.6491484184914842,
                "recall": 0.7801169590643274,
                "f1-score": 0.7086321381142099,
                "support": 1710
            },
            "1": {
                "precision": 0.6119711042311662,
                "recall": 0.4512937595129376,
                "f1-score": 0.5194918966272448,
                "support": 1314
            },
            "accuracy": 0.6372354497354498,
            "macro avg": {
                "precision": 0.6305597613613252,
                "recall": 0.6157053592886326,
                "f1-score": 0.6140620173707274,
                "support": 3024
            },
            "weighted avg": {
                "precision": 0.632993990271227,
                "recall": 0.6372354497354498,
                "f1-score": 0.6264461998490405,
                "support": 3024
            }
        }
    }
}