{
    "preprocess_features": {
        "category_thresh": 500,
        "tfidf": true,
        "handpicked": true,
        "wordvec": true,
        "wordvec_model": "glove-wiki-gigaword-300",
        "pca": true,
        "pca_comp": 55
    },
    "model_specs": {
        "model_type": [
            "LogisticRegression"
        ],
        "params": {
            "scale": true,
            "oversample": false,
            "gscv": true,
            "n_jobs": -1,
            "return_train_score": false,
            "split": 0.8,
            "random_state": 42,
            "C": 100,
            "gamma": 1,
            "kernel": "rbf"
        }
    },
    "scores_report": {
        "training accuracy": 0.6345335041957753,
        "Test accuracy": 0.6369047619047619,
        "Validation accuracy": 0.6302910052910053,
        "Dummy most frequent accuracy": 0.5634920634920635,
        "Dummy uniform accuracy": 0.5,
        "Test F1-score": 0.6262551978433533,
        "Validation F1-score": 0.6208916873108468,
        "Dummy most frequent F1-Score": 0.40617194424301023,
        "Dummy Unified F1-score": 0.5020142515935813,
        "Test Matthews Corrcoef": 0.24663293171602915,
        "Validation Matthews Corrcoef": 0.24130604543877107,
        "Dummy Unified Mathews Corrcoef": -0.0011854256769998402,
        "Classification Report - Test": {
            "0": {
                "precision": 0.6478048780487805,
                "recall": 0.7793427230046949,
                "f1-score": 0.7075119872136387,
                "support": 1704
            },
            "1": {
                "precision": 0.6139630390143738,
                "recall": 0.453030303030303,
                "f1-score": 0.5213600697471665,
                "support": 1320
            },
            "accuracy": 0.6369047619047619,
            "macro avg": {
                "precision": 0.6308839585315771,
                "recall": 0.6161865130174989,
                "f1-score": 0.6144360284804027,
                "support": 3024
            },
            "weighted avg": {
                "precision": 0.633032646724238,
                "recall": 0.6369047619047619,
                "f1-score": 0.6262551978433533,
                "support": 3024
            }
        },
        "Classification Report - Validation": {
            "0": {
                "precision": 0.6369521912350598,
                "recall": 0.7667865707434053,
                "f1-score": 0.6958650707290533,
                "support": 1668
            },
            "1": {
                "precision": 0.6171259842519685,
                "recall": 0.46238938053097345,
                "f1-score": 0.5286677908937606,
                "support": 1356
            },
            "accuracy": 0.6302910052910053,
            "macro avg": {
                "precision": 0.6270390877435141,
                "recall": 0.6145879756371894,
                "f1-score": 0.612266430811407,
                "support": 3024
            },
            "weighted avg": {
                "precision": 0.6280618682624831,
                "recall": 0.6302910052910053,
                "f1-score": 0.6208916873108468,
                "support": 3024
            }
        }
    }
}