{
    "preprocess_features": {
        "category_thresh": 500,
        "tfidf": true,
        "handpicked": true,
        "wordvec": true,
        "wordvec_model": "glove-wiki-gigaword-300",
        "pca": true,
        "pca_comp": 55
    },
    "model_specs": {
        "model_type": [
            "GradientBoostingClassifier"
        ],
        "params": {
            "scale": true,
            "oversample": false,
            "gscv": true,
            "n_jobs": -1,
            "return_train_score": false,
            "split": 0.8,
            "random_state": 42,
            "C": 0.000954095476,
            "penalty": "l2",
            "solver": "saga"
        }
    },
    "scores_report": {
        "training accuracy": 0.8721838700343103,
        "Test accuracy": 0.6752645502645502,
        "Validation accuracy": 0.6825396825396826,
        "Dummy most frequent accuracy": 0.5634920634920635,
        "Dummy uniform accuracy": 0.5,
        "Test F1-score": 0.6664033903199232,
        "Validation F1-score": 0.6760287684230853,
        "Dummy most frequent F1-Score": 0.40617194424301023,
        "Dummy Unified F1-score": 0.5020142515935813,
        "Test Matthews Corrcoef": 0.3294484239240629,
        "Validation Matthews Corrcoef": 0.35213198740149726,
        "Dummy Unified Mathews Corrcoef": -0.0011854256769998402,
        "Classification Report - Test": {
            "0": {
                "precision": 0.6774827925270404,
                "recall": 0.8086854460093896,
                "f1-score": 0.7372926698769395,
                "support": 1704
            },
            "1": {
                "precision": 0.6707070707070707,
                "recall": 0.503030303030303,
                "f1-score": 0.5748917748917749,
                "support": 1320
            },
            "accuracy": 0.6752645502645502,
            "macro avg": {
                "precision": 0.6740949316170555,
                "recall": 0.6558578745198463,
                "f1-score": 0.6560922223843573,
                "support": 3024
            },
            "weighted avg": {
                "precision": 0.6745251361770536,
                "recall": 0.6752645502645502,
                "f1-score": 0.6664033903199232,
                "support": 3024
            }
        },
        "Classification Report - Validation": {
            "0": {
                "precision": 0.6802443991853361,
                "recall": 0.8009592326139089,
                "f1-score": 0.73568281938326,
                "support": 1668
            },
            "1": {
                "precision": 0.6867924528301886,
                "recall": 0.5368731563421829,
                "f1-score": 0.6026490066225165,
                "support": 1356
            },
            "accuracy": 0.6825396825396826,
            "macro avg": {
                "precision": 0.6835184260077624,
                "recall": 0.668916194478046,
                "f1-score": 0.6691659130028882,
                "support": 3024
            },
            "weighted avg": {
                "precision": 0.6831806295895755,
                "recall": 0.6825396825396826,
                "f1-score": 0.6760287684230853,
                "support": 3024
            }
        }
    }
}