{
    "preprocess_features": {
        "category_thresh": 500,
        "tfidf": true,
        "handpicked": true,
        "wordvec": true,
        "wordvec_model": "glove-wiki-gigaword-300",
        "pca": true,
        "pca_comp": 55
    },
    "model_specs": {
        "model_type": [
            "SVC"
        ],
        "params": {
            "scale": true,
            "oversample": false,
            "gscv": true,
            "n_jobs": -1,
            "return_train_score": false,
            "split": 0.8,
            "random_state": 42,
            "C": 100,
            "gamma": 1,
            "kernel": "rbf"
        }
    },
    "scores_report": {
        "training accuracy": 0.7387871522467033,
        "Test accuracy": 0.6554232804232805,
        "Validation accuracy": 0.6607142857142857,
        "Dummy most frequent accuracy": 0.5634920634920635,
        "Dummy uniform accuracy": 0.5,
        "Test F1-score": 0.6481395562138177,
        "Validation F1-score": 0.6541104912395955,
        "Dummy most frequent F1-Score": 0.40617194424301023,
        "Dummy Unified F1-score": 0.5020142515935813,
        "Test Matthews Corrcoef": 0.28784874729632987,
        "Validation Matthews Corrcoef": 0.3062061678878048,
        "Dummy Unified Mathews Corrcoef": -0.0011854256769998402,
        "Classification Report - Test": {
            "0": {
                "precision": 0.6670030272452069,
                "recall": 0.7758215962441315,
                "f1-score": 0.7173087357569181,
                "support": 1704
            },
            "1": {
                "precision": 0.6333973128598849,
                "recall": 0.5,
                "f1-score": 0.5588484335309061,
                "support": 1320
            },
            "accuracy": 0.6554232804232805,
            "macro avg": {
                "precision": 0.6502001700525459,
                "recall": 0.6379107981220657,
                "f1-score": 0.6380785846439121,
                "support": 3024
            },
            "weighted avg": {
                "precision": 0.652333866203995,
                "recall": 0.6554232804232805,
                "f1-score": 0.6481395562138177,
                "support": 3024
            }
        },
        "Classification Report - Validation": {
            "0": {
                "precision": 0.6642784032753326,
                "recall": 0.7781774580335732,
                "f1-score": 0.7167310877967973,
                "support": 1668
            },
            "1": {
                "precision": 0.6542056074766355,
                "recall": 0.5162241887905604,
                "f1-score": 0.5770816158285242,
                "support": 1356
            },
            "accuracy": 0.6607142857142857,
            "macro avg": {
                "precision": 0.659242005375984,
                "recall": 0.6472008234120668,
                "f1-score": 0.6469063518126608,
                "support": 3024
            },
            "weighted avg": {
                "precision": 0.6597616337306788,
                "recall": 0.6607142857142857,
                "f1-score": 0.6541104912395955,
                "support": 3024
            }
        }
    }
}