{
    "preprocess_features": {
        "category_thresh": 500,
        "tfidf": true,
        "handpicked": true,
        "wordvec": true,
        "wordvec_model": "glove-wiki-gigaword-300",
        "pca": true,
        "pca_comp": 55
    },
    "model_specs": {
        "model_type": [
            "LogisticRegression"
        ],
        "params": {
            "scale": true,
            "oversample": false,
            "gscv": true,
            "n_jobs": -1,
            "return_train_score": false,
            "split": 0.8,
            "random_state": 42,
            "C": 100,
            "gamma": 1,
            "kernel": "rbf"
        }
    },
    "scores_report": {
        "training accuracy": 0.6367244016369724,
        "Test accuracy": 0.6332671957671958,
        "Validation accuracy": 0.6382275132275133,
        "Dummy most frequent accuracy": 0.5634920634920635,
        "Dummy uniform accuracy": 0.5,
        "Test F1-score": 0.6219805396952264,
        "Validation F1-score": 0.6285125007513698,
        "Dummy most frequent F1-Score": 0.40617194424301023,
        "Dummy Unified F1-score": 0.5020142515935813,
        "Test Matthews Corrcoef": 0.23850340831580713,
        "Validation Matthews Corrcoef": 0.25809077666824376,
        "Dummy Unified Mathews Corrcoef": -0.0011854256769998402,
        "Classification Report - Test": {
            "0": {
                "precision": 0.6443474041727317,
                "recall": 0.7793427230046949,
                "f1-score": 0.705444887118194,
                "support": 1704
            },
            "1": {
                "precision": 0.6095534787123572,
                "recall": 0.4446969696969697,
                "f1-score": 0.5142356548401227,
                "support": 1320
            },
            "accuracy": 0.6332671957671958,
            "macro avg": {
                "precision": 0.6269504414425444,
                "recall": 0.6120198463508323,
                "f1-score": 0.6098402709791584,
                "support": 3024
            },
            "weighted avg": {
                "precision": 0.6291595795670127,
                "recall": 0.6332671957671958,
                "f1-score": 0.6219805396952264,
                "support": 3024
            }
        },
        "Classification Report - Validation": {
            "0": {
                "precision": 0.6420792079207921,
                "recall": 0.7775779376498801,
                "f1-score": 0.7033622559652929,
                "support": 1668
            },
            "1": {
                "precision": 0.6304780876494024,
                "recall": 0.4668141592920354,
                "f1-score": 0.5364406779661016,
                "support": 1356
            },
            "accuracy": 0.6382275132275133,
            "macro avg": {
                "precision": 0.6362786477850972,
                "recall": 0.6221960484709578,
                "f1-score": 0.6199014669656973,
                "support": 3024
            },
            "weighted avg": {
                "precision": 0.636877118275288,
                "recall": 0.6382275132275133,
                "f1-score": 0.6285125007513698,
                "support": 3024
            }
        }
    }
}