{
    "preprocess_features": {
        "category_thresh": 500,
        "tfidf": true,
        "handpicked": true,
        "wordvec": true,
        "wordvec_model": "glove-wiki-gigaword-300",
        "pca": true,
        "pca_comp": 55
    },
    "model_specs": {
        "model_type": [
            "SVC"
        ],
        "params": {
            "scale": true,
            "oversample": false,
            "gscv": true,
            "n_jobs": -1,
            "return_train_score": false,
            "split": 0.8,
            "random_state": 42,
            "C": 0.000954095476,
            "penalty": "l2",
            "solver": "saga"
        }
    },
    "scores_report": {
        "training accuracy": 0.756562357901699,
        "Test accuracy": 0.6726190476190477,
        "Validation accuracy": 0.6742724867724867,
        "Dummy most frequent accuracy": 0.5634920634920635,
        "Dummy uniform accuracy": 0.5,
        "Test F1-score": 0.6677268447942035,
        "Validation F1-score": 0.6711067087799664,
        "Dummy most frequent F1-Score": 0.40617194424301023,
        "Dummy Unified F1-score": 0.5020142515935813,
        "Test Matthews Corrcoef": 0.32553802682137484,
        "Validation Matthews Corrcoef": 0.3358157227519768,
        "Dummy Unified Mathews Corrcoef": -0.0011854256769998402,
        "Classification Report - Test": {
            "0": {
                "precision": 0.6857440166493236,
                "recall": 0.7734741784037559,
                "f1-score": 0.7269718698290127,
                "support": 1704
            },
            "1": {
                "precision": 0.6497277676950998,
                "recall": 0.5424242424242425,
                "f1-score": 0.5912469033856317,
                "support": 1320
            },
            "accuracy": 0.6726190476190477,
            "macro avg": {
                "precision": 0.6677358921722116,
                "recall": 0.6579492104139992,
                "f1-score": 0.6591093866073222,
                "support": 3024
            },
            "weighted avg": {
                "precision": 0.6700226381375594,
                "recall": 0.6726190476190477,
                "f1-score": 0.6677268447942035,
                "support": 3024
            }
        },
        "Classification Report - Validation": {
            "0": {
                "precision": 0.6850948509485095,
                "recall": 0.7577937649880095,
                "f1-score": 0.7196128664958725,
                "support": 1668
            },
            "1": {
                "precision": 0.6573367260390162,
                "recall": 0.5715339233038348,
                "f1-score": 0.611439842209073,
                "support": 1356
            },
            "accuracy": 0.6742724867724867,
            "macro avg": {
                "precision": 0.6712157884937628,
                "recall": 0.6646638441459222,
                "f1-score": 0.6655263543524728,
                "support": 3024
            },
            "weighted avg": {
                "precision": 0.6726477552549669,
                "recall": 0.6742724867724867,
                "f1-score": 0.6711067087799664,
                "support": 3024
            }
        }
    }
}