{
    "preprocess_features": {
        "category_thresh": 500,
        "tfidf": true,
        "handpicked": true,
        "wordvec": true,
        "wordvec_model": "glove-wiki-gigaword-300",
        "pca": true,
        "pca_comp": 55
    },
    "model_specs": {
        "model_type": [
            "AdaBoostClassifier"
        ],
        "params": {
            "scale": true,
            "oversample": false,
            "gscv": true,
            "n_jobs": -1,
            "return_train_score": false,
            "split": 0.8,
            "random_state": 42,
            "C": 0.000954095476,
            "penalty": "l2",
            "solver": "saga"
        }
    },
    "scores_report": {
        "training accuracy": 0.7464346244471084,
        "Test accuracy": 0.6603835978835979,
        "Validation accuracy": 0.6646825396825397,
        "Dummy most frequent accuracy": 0.5634920634920635,
        "Dummy uniform accuracy": 0.5,
        "Test F1-score": 0.649474765561508,
        "Validation F1-score": 0.6563924879930133,
        "Dummy most frequent F1-Score": 0.40617194424301023,
        "Dummy Unified F1-score": 0.5020142515935813,
        "Test Matthews Corrcoef": 0.2971053843777415,
        "Validation Matthews Corrcoef": 0.31448907196507137,
        "Dummy Unified Mathews Corrcoef": -0.0011854256769998402,
        "Classification Report - Test": {
            "0": {
                "precision": 0.6634476098503138,
                "recall": 0.8063380281690141,
                "f1-score": 0.7279470198675496,
                "support": 1704
            },
            "1": {
                "precision": 0.6537250786988458,
                "recall": 0.471969696969697,
                "f1-score": 0.5481742190937088,
                "support": 1320
            },
            "accuracy": 0.6603835978835979,
            "macro avg": {
                "precision": 0.6585863442745798,
                "recall": 0.6391538625693556,
                "f1-score": 0.6380606194806292,
                "support": 3024
            },
            "weighted avg": {
                "precision": 0.6592036478397524,
                "recall": 0.6603835978835979,
                "f1-score": 0.649474765561508,
                "support": 3024
            }
        },
        "Classification Report - Validation": {
            "0": {
                "precision": 0.6633366633366633,
                "recall": 0.7961630695443646,
                "f1-score": 0.7237057220708446,
                "support": 1668
            },
            "1": {
                "precision": 0.6673189823874756,
                "recall": 0.5029498525073747,
                "f1-score": 0.5735912531539109,
                "support": 1356
            },
            "accuracy": 0.6646825396825397,
            "macro avg": {
                "precision": 0.6653278228620694,
                "recall": 0.6495564610258696,
                "f1-score": 0.6486484876123777,
                "support": 3024
            },
            "weighted avg": {
                "precision": 0.6651223857681783,
                "recall": 0.6646825396825397,
                "f1-score": 0.6563924879930133,
                "support": 3024
            }
        }
    }
}