{
    "preprocess_features": {
        "category_thresh": 500,
        "tfidf": true,
        "handpicked": true,
        "wordvec": true,
        "wordvec_model": "glove-wiki-gigaword-300",
        "pca": true,
        "pca_comp": 55
    },
    "model_specs": {
        "model_type": [
            "SVC"
        ],
        "params": {
            "scale": true,
            "oversample": false,
            "gscv": true,
            "n_jobs": -1,
            "return_train_score": false,
            "split": 0.8,
            "random_state": 42,
            "C": 0.000954095476,
            "penalty": "l2",
            "solver": "saga"
        }
    },
    "scores_report": {
        "training accuracy": 0.757058410152536,
        "Test accuracy": 0.6703042328042328,
        "Validation accuracy": 0.6709656084656085,
        "Dummy most frequent accuracy": 0.5634920634920635,
        "Dummy uniform accuracy": 0.5,
        "Test F1-score": 0.6660194679405502,
        "Validation F1-score": 0.6678174469390814,
        "Dummy most frequent F1-Score": 0.40617194424301023,
        "Dummy Unified F1-score": 0.5020142515935813,
        "Test Matthews Corrcoef": 0.32126619272960694,
        "Validation Matthews Corrcoef": 0.3290393425419202,
        "Dummy Unified Mathews Corrcoef": -0.0011854256769998402,
        "Classification Report - Test": {
            "0": {
                "precision": 0.6859547606522882,
                "recall": 0.7652582159624414,
                "f1-score": 0.7234396671289876,
                "support": 1704
            },
            "1": {
                "precision": 0.6438112199465716,
                "recall": 0.5477272727272727,
                "f1-score": 0.5918952108063856,
                "support": 1320
            },
            "accuracy": 0.6703042328042328,
            "macro avg": {
                "precision": 0.66488299029943,
                "recall": 0.656492744344857,
                "f1-score": 0.6576674389676866,
                "support": 3024
            },
            "weighted avg": {
                "precision": 0.6675587706616977,
                "recall": 0.6703042328042328,
                "f1-score": 0.6660194679405502,
                "support": 3024
            }
        },
        "Classification Report - Validation": {
            "0": {
                "precision": 0.6825827455236029,
                "recall": 0.7541966426858513,
                "f1-score": 0.7166049558530333,
                "support": 1668
            },
            "1": {
                "precision": 0.6528365791701948,
                "recall": 0.5685840707964602,
                "f1-score": 0.6078044934962555,
                "support": 1356
            },
            "accuracy": 0.6709656084656085,
            "macro avg": {
                "precision": 0.6677096623468988,
                "recall": 0.6613903567411558,
                "f1-score": 0.6622047246746444,
                "support": 3024
            },
            "weighted avg": {
                "precision": 0.6692441868016381,
                "recall": 0.6709656084656085,
                "f1-score": 0.6678174469390814,
                "support": 3024
            }
        }
    }
}