{
    "preprocess_features": {
        "category_thresh": 500,
        "tfidf": true,
        "handpicked": true,
        "wordvec": true,
        "wordvec_model": "glove-wiki-gigaword-300",
        "pca": true,
        "pca_comp": 55
    },
    "model_specs": {
        "model_type": [
            "LogisticRegression"
        ],
        "params": {
            "scale": true,
            "oversample": false,
            "gscv": true,
            "n_jobs": -1,
            "return_train_score": false,
            "split": 0.8,
            "random_state": 42,
            "C": 100,
            "gamma": 1,
            "kernel": "rbf"
        }
    },
    "scores_report": {
        "training accuracy": 0.6334173866313918,
        "Test accuracy": 0.6342592592592593,
        "Validation accuracy": 0.6309523809523809,
        "Dummy most frequent accuracy": 0.5634920634920635,
        "Dummy uniform accuracy": 0.5,
        "Test F1-score": 0.6242791748409726,
        "Validation F1-score": 0.6223347888194354,
        "Dummy most frequent F1-Score": 0.40617194424301023,
        "Dummy Unified F1-score": 0.5020142515935813,
        "Test Matthews Corrcoef": 0.24135192609101097,
        "Validation Matthews Corrcoef": 0.24297919285991024,
        "Dummy Unified Mathews Corrcoef": -0.0011854256769998402,
        "Classification Report - Test": {
            "0": {
                "precision": 0.6470009832841691,
                "recall": 0.7723004694835681,
                "f1-score": 0.704119850187266,
                "support": 1704
            },
            "1": {
                "precision": 0.6080808080808081,
                "recall": 0.45606060606060606,
                "f1-score": 0.5212121212121212,
                "support": 1320
            },
            "accuracy": 0.6342592592592593,
            "macro avg": {
                "precision": 0.6275408956824886,
                "recall": 0.614180537772087,
                "f1-score": 0.6126659856996937,
                "support": 3024
            },
            "weighted avg": {
                "precision": 0.6300120179176226,
                "recall": 0.6342592592592593,
                "f1-score": 0.6242791748409726,
                "support": 3024
            }
        },
        "Classification Report - Validation": {
            "0": {
                "precision": 0.6386934673366834,
                "recall": 0.761990407673861,
                "f1-score": 0.6949152542372882,
                "support": 1668
            },
            "1": {
                "precision": 0.6160541586073501,
                "recall": 0.46976401179941,
                "f1-score": 0.5330543933054394,
                "support": 1356
            },
            "accuracy": 0.6309523809523809,
            "macro avg": {
                "precision": 0.6273738129720168,
                "recall": 0.6158772097366355,
                "f1-score": 0.6139848237713638,
                "support": 3024
            },
            "weighted avg": {
                "precision": 0.628541713819165,
                "recall": 0.6309523809523809,
                "f1-score": 0.6223347888194354,
                "support": 3024
            }
        }
    }
}