{
    "preprocess_features": {
        "category_thresh": 500,
        "tfidf": true,
        "handpicked": true,
        "wordvec": true,
        "wordvec_model": "glove-wiki-gigaword-300",
        "pca": true,
        "pca_comp": 55
    },
    "model_specs": {
        "model_type": [
            "LogisticRegression"
        ],
        "params": {
            "scale": true,
            "oversample": false,
            "gscv": true,
            "n_jobs": 1,
            "return_train_score": false,
            "split": 0.8,
            "random_state": 42,
            "C": 100,
            "gamma": 1,
            "kernel": "rbf"
        }
    },
    "scores_report": {
        "training accuracy": 0.6320945806291596,
        "Test accuracy": 0.6329365079365079,
        "Validation accuracy": 0.6335978835978836,
        "Dummy most frequent accuracy": 0.5634920634920635,
        "Dummy uniform accuracy": 0.5,
        "Test F1-score": 0.6227353606773733,
        "Validation F1-score": 0.6241962838737364,
        "Dummy most frequent F1-Score": 0.40617194424301023,
        "Dummy Unified F1-score": 0.5020142515935813,
        "Test Matthews Corrcoef": 0.23839751226794087,
        "Validation Matthews Corrcoef": 0.24832056353645723,
        "Dummy Unified Mathews Corrcoef": -0.0011854256769998402,
        "Classification Report - Test": {
            "0": {
                "precision": 0.6457311089303238,
                "recall": 0.7723004694835681,
                "f1-score": 0.7033671833244255,
                "support": 1704
            },
            "1": {
                "precision": 0.6064908722109533,
                "recall": 0.453030303030303,
                "f1-score": 0.5186470078057241,
                "support": 1320
            },
            "accuracy": 0.6329365079365079,
            "macro avg": {
                "precision": 0.6261109905706386,
                "recall": 0.6126653862569356,
                "f1-score": 0.6110070955650748,
                "support": 3024
            },
            "weighted avg": {
                "precision": 0.6286024341718685,
                "recall": 0.6329365079365079,
                "f1-score": 0.6227353606773733,
                "support": 3024
            }
        },
        "Classification Report - Validation": {
            "0": {
                "precision": 0.6393034825870647,
                "recall": 0.7703836930455635,
                "f1-score": 0.6987493202827623,
                "support": 1668
            },
            "1": {
                "precision": 0.6222879684418146,
                "recall": 0.46533923303834807,
                "f1-score": 0.5324894514767932,
                "support": 1356
            },
            "accuracy": 0.6335978835978836,
            "macro avg": {
                "precision": 0.6307957255144396,
                "recall": 0.6178614630419558,
                "f1-score": 0.6156193858797777,
                "support": 3024
            },
            "weighted avg": {
                "precision": 0.6316735099743136,
                "recall": 0.6335978835978836,
                "f1-score": 0.6241962838737364,
                "support": 3024
            }
        }
    }
}