{
    "preprocess_features": {
        "category_thresh": 500,
        "tfidf": true,
        "handpicked": true,
        "wordvec": true,
        "wordvec_model": "glove-wiki-gigaword-300",
        "pca": true,
        "pca_comp": 55
    },
    "model_specs": {
        "model_type": [
            "GradientBoostingClassifier"
        ],
        "params": {
            "scale": true,
            "oversample": false,
            "gscv": true,
            "n_jobs": -1,
            "return_train_score": false,
            "split": 0.8,
            "random_state": 42,
            "C": 0.000954095476,
            "penalty": "l2",
            "solver": "saga"
        }
    },
    "scores_report": {
        "training accuracy": 0.8696209334049854,
        "Test accuracy": 0.6749338624338624,
        "Validation accuracy": 0.683531746031746,
        "Dummy most frequent accuracy": 0.5634920634920635,
        "Dummy uniform accuracy": 0.5,
        "Test F1-score": 0.6667436947532255,
        "Validation F1-score": 0.6781633872748153,
        "Dummy most frequent F1-Score": 0.40617194424301023,
        "Dummy Unified F1-score": 0.5020142515935813,
        "Test Matthews Corrcoef": 0.3288491197690635,
        "Validation Matthews Corrcoef": 0.35416081987854,
        "Dummy Unified Mathews Corrcoef": -0.0011854256769998402,
        "Classification Report - Test": {
            "0": {
                "precision": 0.6787307882994547,
                "recall": 0.8034037558685446,
                "f1-score": 0.735823703305563,
                "support": 1704
            },
            "1": {
                "precision": 0.6673286991062563,
                "recall": 0.509090909090909,
                "f1-score": 0.5775676837129352,
                "support": 1320
            },
            "accuracy": 0.6749338624338624,
            "macro avg": {
                "precision": 0.6730297437028554,
                "recall": 0.6562473324797269,
                "f1-score": 0.6566956935092492,
                "support": 3024
            },
            "weighted avg": {
                "precision": 0.6737536858738521,
                "recall": 0.6749338624338624,
                "f1-score": 0.6667436947532255,
                "support": 3024
            }
        },
        "Classification Report - Validation": {
            "0": {
                "precision": 0.6842923794712286,
                "recall": 0.7913669064748201,
                "f1-score": 0.7339449541284403,
                "support": 1668
            },
            "1": {
                "precision": 0.6821917808219178,
                "recall": 0.5508849557522124,
                "f1-score": 0.609547123623011,
                "support": 1356
            },
            "accuracy": 0.683531746031746,
            "macro avg": {
                "precision": 0.6832420801465732,
                "recall": 0.6711259311135163,
                "f1-score": 0.6717460388757257,
                "support": 3024
            },
            "weighted avg": {
                "precision": 0.683350444362609,
                "recall": 0.683531746031746,
                "f1-score": 0.6781633872748153,
                "support": 3024
            }
        }
    }
}