{
    "preprocess_features": {
        "category_thresh": 500,
        "tfidf": true,
        "handpicked": true,
        "wordvec": true,
        "wordvec_model": "glove-wiki-gigaword-300",
        "pca": true,
        "pca_comp": 55
    },
    "model_specs": {
        "model_type": [
            "LogisticRegression"
        ],
        "params": {
            "scale": true,
            "oversample": false,
            "gscv": true,
            "n_jobs": -1,
            "return_train_score": false,
            "split": 0.8,
            "random_state": 42,
            "C": 100,
            "gamma": 1,
            "kernel": "rbf"
        }
    },
    "scores_report": {
        "training accuracy": 0.642594353271878,
        "Test accuracy": 0.6431878306878307,
        "Validation accuracy": 0.640542328042328,
        "Dummy most frequent accuracy": 0.5634920634920635,
        "Dummy uniform accuracy": 0.5,
        "Test F1-score": 0.6347075608832281,
        "Validation F1-score": 0.6349897385577297,
        "Dummy most frequent F1-Score": 0.40617194424301023,
        "Dummy Unified F1-score": 0.5020142515935813,
        "Test Matthews Corrcoef": 0.2612480188098927,
        "Validation Matthews Corrcoef": 0.26455657311654635,
        "Dummy Unified Mathews Corrcoef": -0.0011854256769998402,
        "Classification Report - Test": {
            "0": {
                "precision": 0.655860349127182,
                "recall": 0.7717136150234741,
                "f1-score": 0.7090860070099757,
                "support": 1704
            },
            "1": {
                "precision": 0.6182531894013739,
                "recall": 0.4772727272727273,
                "f1-score": 0.5386917486105174,
                "support": 1320
            },
            "accuracy": 0.6431878306878307,
            "macro avg": {
                "precision": 0.6370567692642779,
                "recall": 0.6244931711481008,
                "f1-score": 0.6238888778102465,
                "support": 3024
            },
            "weighted avg": {
                "precision": 0.6394445254373451,
                "recall": 0.6431878306878307,
                "f1-score": 0.6347075608832281,
                "support": 3024
            }
        },
        "Classification Report - Validation": {
            "0": {
                "precision": 0.6518557239937272,
                "recall": 0.7476019184652278,
                "f1-score": 0.6964535046076515,
                "support": 1668
            },
            "1": {
                "precision": 0.6210621062106211,
                "recall": 0.5088495575221239,
                "f1-score": 0.5593838670449939,
                "support": 1356
            },
            "accuracy": 0.640542328042328,
            "macro avg": {
                "precision": 0.6364589151021741,
                "recall": 0.6282257379936759,
                "f1-score": 0.6279186858263227,
                "support": 3024
            },
            "weighted avg": {
                "precision": 0.6380474747497153,
                "recall": 0.640542328042328,
                "f1-score": 0.6349897385577297,
                "support": 3024
            }
        }
    }
}