{
    "preprocess_features": {
        "category_thresh": 500,
        "tfidf": true,
        "handpicked": true,
        "wordvec": true,
        "wordvec_model": "glove-wiki-gigaword-300",
        "pca": true,
        "pca_comp": 55
    },
    "model_specs": {
        "model_type": [
            "AdaBoostClassifier"
        ],
        "params": {
            "scale": true,
            "oversample": false,
            "gscv": true,
            "n_jobs": -1,
            "return_train_score": false,
            "split": 0.8,
            "random_state": 42,
            "C": 0.000954095476,
            "penalty": "l2",
            "solver": "saga"
        }
    },
    "scores_report": {
        "training accuracy": 0.7550328634616179,
        "Test accuracy": 0.6650132275132276,
        "Validation accuracy": 0.6646825396825397,
        "Dummy most frequent accuracy": 0.5634920634920635,
        "Dummy uniform accuracy": 0.5,
        "Test F1-score": 0.653699765082931,
        "Validation F1-score": 0.6558392825320187,
        "Dummy most frequent F1-Score": 0.40617194424301023,
        "Dummy Unified F1-score": 0.5020142515935813,
        "Test Matthews Corrcoef": 0.3071153598880391,
        "Validation Matthews Corrcoef": 0.3145453374928827,
        "Dummy Unified Mathews Corrcoef": -0.0011854256769998402,
        "Classification Report - Test": {
            "0": {
                "precision": 0.6658665386461834,
                "recall": 0.8139671361502347,
                "f1-score": 0.7325059413783997,
                "support": 1704
            },
            "1": {
                "precision": 0.6631243358129649,
                "recall": 0.4727272727272727,
                "f1-score": 0.5519681556833259,
                "support": 1320
            },
            "accuracy": 0.6650132275132276,
            "macro avg": {
                "precision": 0.6644954372295742,
                "recall": 0.6433472044387537,
                "f1-score": 0.6422370485308628,
                "support": 3024
            },
            "weighted avg": {
                "precision": 0.6646695453459689,
                "recall": 0.6650132275132276,
                "f1-score": 0.653699765082931,
                "support": 3024
            }
        },
        "Classification Report - Validation": {
            "0": {
                "precision": 0.6622023809523809,
                "recall": 0.8003597122302158,
                "f1-score": 0.7247557003257328,
                "support": 1668
            },
            "1": {
                "precision": 0.6696428571428571,
                "recall": 0.497787610619469,
                "f1-score": 0.5710659898477157,
                "support": 1356
            },
            "accuracy": 0.6646825396825397,
            "macro avg": {
                "precision": 0.6659226190476191,
                "recall": 0.6490736614248425,
                "f1-score": 0.6479108450867243,
                "support": 3024
            },
            "weighted avg": {
                "precision": 0.6655387849584278,
                "recall": 0.6646825396825397,
                "f1-score": 0.6558392825320187,
                "support": 3024
            }
        }
    }
}