{
    "preprocess_features": {
        "category_thresh": 500,
        "tfidf": true,
        "handpicked": true,
        "wordvec": true,
        "wordvec_model": "glove-wiki-gigaword-300",
        "pca": true,
        "pca_comp": 55
    },
    "model_specs": {
        "model_type": [
            "SVC"
        ],
        "params": {
            "scale": true,
            "oversample": false,
            "gscv": true,
            "n_jobs": -1,
            "return_train_score": false,
            "split": 0.8,
            "random_state": 42,
            "C": 100,
            "gamma": 1,
            "kernel": "rbf"
        }
    },
    "scores_report": {
        "training accuracy": 0.7131577859534538,
        "Test accuracy": 0.6534391534391535,
        "Validation accuracy": 0.6498015873015873,
        "Dummy most frequent accuracy": 0.5634920634920635,
        "Dummy uniform accuracy": 0.5,
        "Test F1-score": 0.6445814971820175,
        "Validation F1-score": 0.6423574725023641,
        "Dummy most frequent F1-Score": 0.40617194424301023,
        "Dummy Unified F1-score": 0.5020142515935813,
        "Test Matthews Corrcoef": 0.28281057516363267,
        "Validation Matthews Corrcoef": 0.2830806984790611,
        "Dummy Unified Mathews Corrcoef": -0.0011854256769998402,
        "Classification Report - Test": {
            "0": {
                "precision": 0.6623762376237624,
                "recall": 0.7852112676056338,
                "f1-score": 0.7185821697099893,
                "support": 1704
            },
            "1": {
                "precision": 0.6354581673306773,
                "recall": 0.48333333333333334,
                "f1-score": 0.5490533562822719,
                "support": 1320
            },
            "accuracy": 0.6534391534391535,
            "macro avg": {
                "precision": 0.6489172024772198,
                "recall": 0.6342723004694836,
                "f1-score": 0.6338177629961306,
                "support": 3024
            },
            "weighted avg": {
                "precision": 0.6506262863053521,
                "recall": 0.6534391534391535,
                "f1-score": 0.6445814971820175,
                "support": 3024
            }
        },
        "Classification Report - Validation": {
            "0": {
                "precision": 0.654490106544901,
                "recall": 0.7733812949640287,
                "f1-score": 0.7089859851607585,
                "support": 1668
            },
            "1": {
                "precision": 0.6410256410256411,
                "recall": 0.497787610619469,
                "f1-score": 0.560398505603985,
                "support": 1356
            },
            "accuracy": 0.6498015873015873,
            "macro avg": {
                "precision": 0.647757873785271,
                "recall": 0.6355844527917489,
                "f1-score": 0.6346922453823718,
                "support": 3024
            },
            "weighted avg": {
                "precision": 0.6484524692287249,
                "recall": 0.6498015873015873,
                "f1-score": 0.6423574725023641,
                "support": 3024
            }
        }
    }
}