{
    "training accuracy": 0.6668182381877558,
    "Test accuracy": 0.6193783068783069,
    "Dummy most frequent accuracy": 0.5634920634920635,
    "Dummy uniform accuracy": 0.5,
    "Test F1-score": 0.5963992096704186,
    "Dummy most frequent F1-Score": 0.40617194424301023,
    "Dummy Unified F1-score": 0.5020142515935813,
    "Test Mathews Corrcoef": 0.2042486960252887,
    "Dummy Unified Mathews Corrcoef": -0.0011854256769998402
}