{
    "training accuracy": 0.6011326526394114,
    "Test accuracy": 0.593915343915344,
    "Validation accuracy": 0.5978835978835979,
    "Dummy most frequent accuracy": 0.5634920634920635,
    "Dummy uniform accuracy": 0.5,
    "Test F1-score": 0.5645925702283573,
    "Validation F1-score": 0.5706175149362267,
    "Dummy most frequent F1-Score": 0.40617194424301023,
    "Dummy Unified F1-score": 0.5020142515935813,
    "Test Matthews Corrcoef": 0.14357853855975547,
    "Validation Matthews Corrcoef": 0.1673300125767396,
    "Dummy Unified Mathews Corrcoef": -0.0011854256769998402,
    "Classification Report - Test": {
        "0": {
            "precision": 0.6032986111111112,
            "recall": 0.8157276995305164,
            "f1-score": 0.6936127744510977,
            "support": 1704
        },
        "1": {
            "precision": 0.5638888888888889,
            "recall": 0.30757575757575756,
            "f1-score": 0.39803921568627443,
            "support": 1320
        },
        "accuracy": 0.593915343915344,
        "macro avg": {
            "precision": 0.58359375,
            "recall": 0.5616517285531369,
            "f1-score": 0.5458259950686861,
            "support": 3024
        },
        "weighted avg": {
            "precision": 0.586095954585538,
            "recall": 0.593915343915344,
            "f1-score": 0.5645925702283573,
            "support": 3024
        }
    },
    "Classification Report - Validation": {
        "0": {
            "precision": 0.5992098331870062,
            "recall": 0.8183453237410072,
            "f1-score": 0.691839837810441,
            "support": 1668
        },
        "1": {
            "precision": 0.5938337801608579,
            "recall": 0.32669616519174044,
            "f1-score": 0.4215033301617507,
            "support": 1356
        },
        "accuracy": 0.5978835978835979,
        "macro avg": {
            "precision": 0.596521806673932,
            "recall": 0.5725207444663738,
            "f1-score": 0.5566715839860958,
            "support": 3024
        },
        "weighted avg": {
            "precision": 0.5967991427427413,
            "recall": 0.5978835978835979,
            "f1-score": 0.5706175149362267,
            "support": 3024
        }
    }
}