{
    "training accuracy": 0.6295729816874044,
    "Test accuracy": 0.6064814814814815,
    "Validation accuracy": 0.6200396825396826,
    "Dummy most frequent accuracy": 0.5634920634920635,
    "Dummy uniform accuracy": 0.5,
    "Test F1-score": 0.5762034712129025,
    "Validation F1-score": 0.5900644180776075,
    "Dummy most frequent F1-Score": 0.40617194424301023,
    "Dummy Unified F1-score": 0.5020142515935813,
    "Test Matthews Corrcoef": 0.17298840446358968,
    "Validation Matthews Corrcoef": 0.22029841306548145,
    "Dummy Unified Mathews Corrcoef": -0.0011854256769998402,
    "Classification Report - Test": {
        "0": {
            "precision": 0.6104901117798797,
            "recall": 0.8333333333333334,
            "f1-score": 0.7047146401985113,
            "support": 1704
        },
        "1": {
            "precision": 0.5931232091690545,
            "recall": 0.31363636363636366,
            "f1-score": 0.4103072348860258,
            "support": 1320
        },
        "accuracy": 0.6064814814814815,
        "macro avg": {
            "precision": 0.6018066604744671,
            "recall": 0.5734848484848485,
            "f1-score": 0.5575109375422685,
            "support": 3024
        },
        "weighted avg": {
            "precision": 0.6029093209576941,
            "recall": 0.6064814814814815,
            "f1-score": 0.5762034712129025,
            "support": 3024
        }
    },
    "Classification Report - Validation": {
        "0": {
<<<<<<< Updated upstream
            "precision": 0.654862579281184,
            "recall": 0.7428057553956835,
            "f1-score": 0.6960674157303371,
            "support": 1668
        },
        "1": {
            "precision": 0.6210247349823321,
            "recall": 0.5184365781710915,
            "f1-score": 0.5651125401929261,
            "support": 1356
        },
        "accuracy": 0.6421957671957672,
        "macro avg": {
            "precision": 0.637943657131758,
            "recall": 0.6306211667833874,
            "f1-score": 0.6305899779616316,
            "support": 3024
        },
        "weighted avg": {
            "precision": 0.639689260210667,
            "recall": 0.6421957671957672,
            "f1-score": 0.6373455866203076,
=======
            "precision": 0.6113256113256114,
            "recall": 0.85431654676259,
            "f1-score": 0.7126781695423857,
            "support": 1668
        },
        "1": {
            "precision": 0.6493506493506493,
            "recall": 0.33185840707964603,
            "f1-score": 0.4392386530014642,
            "support": 1356
        },
        "accuracy": 0.6200396825396826,
        "macro avg": {
            "precision": 0.6303381303381304,
            "recall": 0.593087476921118,
            "f1-score": 0.5759584112719249,
            "support": 3024
        },
        "weighted avg": {
            "precision": 0.628376521233664,
            "recall": 0.6200396825396826,
            "f1-score": 0.5900644180776075,
>>>>>>> Stashed changes
            "support": 3024
        }
    }
}